k8s.cluster.name,namespace,env,criticality
ClaimsConnect PRD 02 APP-4982,"[""CLOUD_APPLICATION_NAMESPACE-A454DC7A98B7F9EC"",""CLOUD_APPLICATION_NAMESPACE-AF16A552F0D35C24"",""CLOUD_APPLICATION_NAMESPACE-6027919A36C5B82D"",""CLOUD_APPLICATION_NAMESPACE-51AC083D1F24B42E"",""CLOUD_APPLICATION_NAMESPACE-E343B5ABD581BD76"",""CLOUD_APPLICATION_NAMESPACE-97FC06E3618FCC4C"",""CLOUD_APPLICATION_NAMESPACE-33989072646FAB88"",""CLOUD_APPLICATION_NAMESPACE-F4A818B691BDC001"",""CLOUD_APPLICATION_NAMESPACE-7D37FBF376660760"",""CLOUD_APPLICATION_NAMESPACE-6E8ABD9197852158"",""CLOUD_APPLICATION_NAMESPACE-96527F6A37B9738F"",""CLOUD_APPLICATION_NAMESPACE-1EA2A9B50801797E"",""CLOUD_APPLICATION_NAMESPACE-A6EDF444263768F3"",""CLOUD_APPLICATION_NAMESPACE-6CCB5D975D2959C7""]",PRD,High
Morpheus Perf 01 APP-1544,"[""CLOUD_APPLICATION_NAMESPACE-07BCE655668CB5A0"",""CLOUD_APPLICATION_NAMESPACE-C59E3386EB868EEB"",""CLOUD_APPLICATION_NAMESPACE-44727FADA56C10A1"",""CLOUD_APPLICATION_NAMESPACE-2D88349D001FC3FE"",""CLOUD_APPLICATION_NAMESPACE-E7CAA11DE3CE78D2"",""CLOUD_APPLICATION_NAMESPACE-CB1765A3FB79CB79"",""CLOUD_APPLICATION_NAMESPACE-93DF6197B29AA565"",""CLOUD_APPLICATION_NAMESPACE-12B43E7B02689E8F"",""CLOUD_APPLICATION_NAMESPACE-707756258FE23A8E"",""CLOUD_APPLICATION_NAMESPACE-A8865ADD6BC9AB0E""]",PRD,null
zPlus PRD 01 COM-4716,"[""CLOUD_APPLICATION_NAMESPACE-6D360AF04215EF24"",""CLOUD_APPLICATION_NAMESPACE-BAD2D1D5A2B78941"",""CLOUD_APPLICATION_NAMESPACE-A79E6D9EECAA4ADA"",""CLOUD_APPLICATION_NAMESPACE-373549A462604302"",""CLOUD_APPLICATION_NAMESPACE-51ABCE0070F6EB8E"",""CLOUD_APPLICATION_NAMESPACE-66CC7D2EDB0FC292"",""CLOUD_APPLICATION_NAMESPACE-6E86563917109D96"",""CLOUD_APPLICATION_NAMESPACE-0FC773925999162D"",""CLOUD_APPLICATION_NAMESPACE-70DB6631A24380D0"",""CLOUD_APPLICATION_NAMESPACE-E07F2C82D303B01A"",""CLOUD_APPLICATION_NAMESPACE-07782D801D291D40"",""CLOUD_APPLICATION_NAMESPACE-2897C8B11A289124"",""CLOUD_APPLICATION_NAMESPACE-26B605AA5BC07E36""]",PRD,High
Doks-zna-containerization-4-0 NP Shared,"[""CLOUD_APPLICATION_NAMESPACE-F53C62633DC5FB88"",""CLOUD_APPLICATION_NAMESPACE-1B840176EF94B5F3"",""CLOUD_APPLICATION_NAMESPACE-7AE4046272C104FB"",""CLOUD_APPLICATION_NAMESPACE-584D82873C8CE83F"",""CLOUD_APPLICATION_NAMESPACE-E31E2B0C33E2C461"",""CLOUD_APPLICATION_NAMESPACE-004B59B5B77C0604"",""CLOUD_APPLICATION_NAMESPACE-1BF4F5CBBD8E8AAD"",""CLOUD_APPLICATION_NAMESPACE-9D58D0B1C52E0ADF"",""CLOUD_APPLICATION_NAMESPACE-102D2DBAC5936B19"",""CLOUD_APPLICATION_NAMESPACE-87420370665781FE"",""CLOUD_APPLICATION_NAMESPACE-EC528778FC7C4CEC"",""CLOUD_APPLICATION_NAMESPACE-B116DF3FD767D16A"",""CLOUD_APPLICATION_NAMESPACE-1A17A911177EE17E"",""CLOUD_APPLICATION_NAMESPACE-30FEA2C53A2E757C"",""CLOUD_APPLICATION_NAMESPACE-88E7F7FB92A028A9"",""CLOUD_APPLICATION_NAMESPACE-0A6946B4CCC83D1A"",""CLOUD_APPLICATION_NAMESPACE-DF9D70845B5AA9CA"",""CLOUD_APPLICATION_NAMESPACE-4CCC492811CB13A5"",""CLOUD_APPLICATION_NAMESPACE-7683DAA85A8225A7"",""CLOUD_APPLICATION_NAMESPACE-3348B3327FC0CEAD"",""CLOUD_APPLICATION_NAMESPACE-99E03151D9045491"",""CLOUD_APPLICATION_NAMESPACE-0DA653BC134F290A"",""CLOUD_APPLICATION_NAMESPACE-1534179DB3AF96B9"",""CLOUD_APPLICATION_NAMESPACE-A06472041B108755"",""CLOUD_APPLICATION_NAMESPACE-0C9430AABA14218B"",""CLOUD_APPLICATION_NAMESPACE-B0E86FB5B41BC47A"",""CLOUD_APPLICATION_NAMESPACE-CFC0DFBF78787742"",""CLOUD_APPLICATION_NAMESPACE-86905C2F47CA094E"",""CLOUD_APPLICATION_NAMESPACE-E937804FE9AE74ED"",""CLOUD_APPLICATION_NAMESPACE-0205FDD76A89BE79"",""CLOUD_APPLICATION_NAMESPACE-9D8D717F23CD4C8E"",""CLOUD_APPLICATION_NAMESPACE-3EB8267D0F82E012"",""CLOUD_APPLICATION_NAMESPACE-DBD4C94A33F3A49E"",""CLOUD_APPLICATION_NAMESPACE-F1C40CEC89894A91"",""CLOUD_APPLICATION_NAMESPACE-CFD5B9F79E1D6E04"",""CLOUD_APPLICATION_NAMESPACE-A46D5AC216D932B0"",""CLOUD_APPLICATION_NAMESPACE-8142C4A3566C9B75"",""CLOUD_APPLICATION_NAMESPACE-E23A03901991C247"",""CLOUD_APPLICATION_NAMESPACE-7A0304AD6261EF8B"",""CLOUD_APPLICATION_NAMESPACE-C90B7A633E59A519"",""CLOUD_APPLICATION_NAMESPACE-047E7DADDAD966CE"",""CLOUD_APPLICATION_NAMESPACE-F42D8C9B9071656C"",""CLOUD_APPLICATION_NAMESPACE-11A9CA8FA5AC1C40"",""CLOUD_APPLICATION_NAMESPACE-AF673FCE06705F8F"",""CLOUD_APPLICATION_NAMESPACE-7469855B350F5674"",""CLOUD_APPLICATION_NAMESPACE-B30812EC737E68F3"",""CLOUD_APPLICATION_NAMESPACE-92C744E11FEAFC04"",""CLOUD_APPLICATION_NAMESPACE-2D94891070009BF7"",""CLOUD_APPLICATION_NAMESPACE-5E7079E5C0CC40A9"",""CLOUD_APPLICATION_NAMESPACE-82E2AD070045FD34"",""CLOUD_APPLICATION_NAMESPACE-B500B61AC94F2781"",""CLOUD_APPLICATION_NAMESPACE-D566065920232CCC"",""CLOUD_APPLICATION_NAMESPACE-13A4B1D68B5643DB"",""CLOUD_APPLICATION_NAMESPACE-2427C8A973A49C75"",""CLOUD_APPLICATION_NAMESPACE-57D8DF3CC879AF81"",""CLOUD_APPLICATION_NAMESPACE-FB812C724E195095"",""CLOUD_APPLICATION_NAMESPACE-F0C1585428DDCCB2"",""CLOUD_APPLICATION_NAMESPACE-8B4BFEE347AA6165"",""CLOUD_APPLICATION_NAMESPACE-9F46B6C7BAAF9B4A"",""CLOUD_APPLICATION_NAMESPACE-61B18829B2094B9A"",""CLOUD_APPLICATION_NAMESPACE-7ACCED0FE9E40CCB"",""CLOUD_APPLICATION_NAMESPACE-EEDC33A61E8DB0BD"",""CLOUD_APPLICATION_NAMESPACE-EF0FBF2A01AADF78"",""CLOUD_APPLICATION_NAMESPACE-6B9C8A45CC99C7B4""]",PRD,High
Morpheus QA 01 APP-1544,"[""CLOUD_APPLICATION_NAMESPACE-04F810438D0C9684"",""CLOUD_APPLICATION_NAMESPACE-84290D21ED0C1A16"",""CLOUD_APPLICATION_NAMESPACE-A1B14CADD32A70A0"",""CLOUD_APPLICATION_NAMESPACE-249A759B6181DDB7"",""CLOUD_APPLICATION_NAMESPACE-19C45CCF6B2B5252"",""CLOUD_APPLICATION_NAMESPACE-69609C2FEDD4584B"",""CLOUD_APPLICATION_NAMESPACE-BAA679DBE38CA8C8"",""CLOUD_APPLICATION_NAMESPACE-714496D853049959"",""CLOUD_APPLICATION_NAMESPACE-8924322A88D0FAFD"",""CLOUD_APPLICATION_NAMESPACE-2384307F6E72C2E5"",""CLOUD_APPLICATION_NAMESPACE-7840B7DE8F025934"",""CLOUD_APPLICATION_NAMESPACE-2A1C3CD432230CAE"",""CLOUD_APPLICATION_NAMESPACE-F8063D367B04D7B8"",""CLOUD_APPLICATION_NAMESPACE-7B3B3F7C445ACDB3""]",PRD,Low
ZAPI DEV COM-6105,"[""CLOUD_APPLICATION_NAMESPACE-D0402FF08A3D627F"",""CLOUD_APPLICATION_NAMESPACE-72C21BEA0B37B940"",""CLOUD_APPLICATION_NAMESPACE-FEBEEA0EE42401C2"",""CLOUD_APPLICATION_NAMESPACE-B422D4E925EDC7F5"",""CLOUD_APPLICATION_NAMESPACE-032D5B90E5E14668"",""CLOUD_APPLICATION_NAMESPACE-787E6E7E12829F5D"",""CLOUD_APPLICATION_NAMESPACE-2D67333D0ACDD7D0"",""CLOUD_APPLICATION_NAMESPACE-1344B620F91F3A7D"",""CLOUD_APPLICATION_NAMESPACE-226A4D902448DEBD"",""CLOUD_APPLICATION_NAMESPACE-CC5108C239C8C516"",""CLOUD_APPLICATION_NAMESPACE-F89F66C77610414F"",""CLOUD_APPLICATION_NAMESPACE-C1FBD495AB5E10B8"",""CLOUD_APPLICATION_NAMESPACE-DE547B4E7A235755""]",PRD,Low
ZCam PRD 01 APP-11579,"[""CLOUD_APPLICATION_NAMESPACE-AFE89800078D9E77"",""CLOUD_APPLICATION_NAMESPACE-B6B926F7A94DE0BD"",""CLOUD_APPLICATION_NAMESPACE-85D305E0A3142FE5"",""CLOUD_APPLICATION_NAMESPACE-63637C6C6B52E106"",""CLOUD_APPLICATION_NAMESPACE-49749BDDFCE8ECD3"",""CLOUD_APPLICATION_NAMESPACE-471E8C0BB982A4C1"",""CLOUD_APPLICATION_NAMESPACE-32E2E363D96B8ADB"",""CLOUD_APPLICATION_NAMESPACE-37C359A253E44CDC"",""CLOUD_APPLICATION_NAMESPACE-F0DB92657C35F7B0"",""CLOUD_APPLICATION_NAMESPACE-2DBBD0A1244A7F9E"",""CLOUD_APPLICATION_NAMESPACE-B3A9AFF628EC4048"",""CLOUD_APPLICATION_NAMESPACE-A2310FEB3BFFFC8F""]",PRD,High
ZAPI QA COM-6105,"[""CLOUD_APPLICATION_NAMESPACE-5ABF763D86C3E8B2"",""CLOUD_APPLICATION_NAMESPACE-D876AC0A393133B0"",""CLOUD_APPLICATION_NAMESPACE-A2F7405859C33D52"",""CLOUD_APPLICATION_NAMESPACE-A78A40EFEB3E439C"",""CLOUD_APPLICATION_NAMESPACE-15ABBC2B53C98FB1"",""CLOUD_APPLICATION_NAMESPACE-6A222530FEA78FA5"",""CLOUD_APPLICATION_NAMESPACE-FF542727B497D998"",""CLOUD_APPLICATION_NAMESPACE-7BFFC7F058F0C5C6"",""CLOUD_APPLICATION_NAMESPACE-A54822B7BD96B401""]",PRD,Low
DDC QA 04 APP-1036,"[""CLOUD_APPLICATION_NAMESPACE-D6C6AFC0A6512A6E"",""CLOUD_APPLICATION_NAMESPACE-BBB474C61351161B"",""CLOUD_APPLICATION_NAMESPACE-C9D3037704A2A683"",""CLOUD_APPLICATION_NAMESPACE-3FB43AFABC4DAA01"",""CLOUD_APPLICATION_NAMESPACE-EC18F2F59297C324"",""CLOUD_APPLICATION_NAMESPACE-2F0AF9812797BE1D"",""CLOUD_APPLICATION_NAMESPACE-6A052C44F7BF5024"",""CLOUD_APPLICATION_NAMESPACE-73E9BAB761F9838D"",""CLOUD_APPLICATION_NAMESPACE-BD607A3E5FF4A0A8"",""CLOUD_APPLICATION_NAMESPACE-F4292B186E849095"",""CLOUD_APPLICATION_NAMESPACE-932F973C3677C94F"",""CLOUD_APPLICATION_NAMESPACE-B0855B935883AFA2"",""CLOUD_APPLICATION_NAMESPACE-5FA798B8B2443894"",""CLOUD_APPLICATION_NAMESPACE-0C87A93AA46EC852"",""CLOUD_APPLICATION_NAMESPACE-E89F275BF1D1ACFF""]",PRD,High
Nordic DEV APP-4120,"[""CLOUD_APPLICATION_NAMESPACE-AEDF800C67AD801A"",""CLOUD_APPLICATION_NAMESPACE-B56519A80CE8D25A"",""CLOUD_APPLICATION_NAMESPACE-1A7A19A29704254C"",""CLOUD_APPLICATION_NAMESPACE-F7393FC14421EDC2"",""CLOUD_APPLICATION_NAMESPACE-7BB096B3B45BF946"",""CLOUD_APPLICATION_NAMESPACE-609FA5F06FD6D3C8"",""CLOUD_APPLICATION_NAMESPACE-8D8C40AFAE3D489F"",""CLOUD_APPLICATION_NAMESPACE-B8A9083EDF7169C7"",""CLOUD_APPLICATION_NAMESPACE-F455846204BFC6E5"",""CLOUD_APPLICATION_NAMESPACE-2348F6F85008B72A"",""CLOUD_APPLICATION_NAMESPACE-FFEC229F8DD53BA6""]",PRD,High
ZAPI PRD COM-6105,"[""CLOUD_APPLICATION_NAMESPACE-994DA11EEEED186D"",""CLOUD_APPLICATION_NAMESPACE-784E19282ADC0DFF"",""CLOUD_APPLICATION_NAMESPACE-F44BC79BEC511FF4"",""CLOUD_APPLICATION_NAMESPACE-0AAEFB4865389E58"",""CLOUD_APPLICATION_NAMESPACE-A213FA220D012D7E"",""CLOUD_APPLICATION_NAMESPACE-5F58BB5D72EE93F3"",""CLOUD_APPLICATION_NAMESPACE-EEABE6DB8A569478"",""CLOUD_APPLICATION_NAMESPACE-D321109C21CCCAAA""]",PRD,Low
Morpheus UAT 01 APP-1544,"[""CLOUD_APPLICATION_NAMESPACE-3D2A16BE1038FA5B"",""CLOUD_APPLICATION_NAMESPACE-85E8566DEF745D41"",""CLOUD_APPLICATION_NAMESPACE-DBEFA4CC7F09CDDF"",""CLOUD_APPLICATION_NAMESPACE-E8801C572C7971C5"",""CLOUD_APPLICATION_NAMESPACE-A54033CA371088E5"",""CLOUD_APPLICATION_NAMESPACE-02C0AA4CCC5AA406"",""CLOUD_APPLICATION_NAMESPACE-F5CD85D658897F6D"",""CLOUD_APPLICATION_NAMESPACE-2024364A22059F0B"",""CLOUD_APPLICATION_NAMESPACE-EEABDA58BD4A2DBE"",""CLOUD_APPLICATION_NAMESPACE-DC401D991D1FB647"",""CLOUD_APPLICATION_NAMESPACE-8086E9248464FAEF"",""CLOUD_APPLICATION_NAMESPACE-84E707E4588E6D22"",""CLOUD_APPLICATION_NAMESPACE-5FABF7281517C1FE"",""CLOUD_APPLICATION_NAMESPACE-8C82844988D73EB4""]",PRD,High
ZCam Dev 05 APP-11579,"[""CLOUD_APPLICATION_NAMESPACE-5C2E0E24EF613526"",""CLOUD_APPLICATION_NAMESPACE-B2B5A2CCD85D7AF1"",""CLOUD_APPLICATION_NAMESPACE-44D5B6775C1CCCEA"",""CLOUD_APPLICATION_NAMESPACE-1FA67B3A9658AD71"",""CLOUD_APPLICATION_NAMESPACE-270C36A4887B3D60"",""CLOUD_APPLICATION_NAMESPACE-43BD919DA2B34FA7"",""CLOUD_APPLICATION_NAMESPACE-1D54A3F3A5B3FB2C"",""CLOUD_APPLICATION_NAMESPACE-B183038C920853B6"",""CLOUD_APPLICATION_NAMESPACE-74EC847685DD4EB9"",""CLOUD_APPLICATION_NAMESPACE-7991E4A5C863FF73"",""CLOUD_APPLICATION_NAMESPACE-50665D12435FEC50"",""CLOUD_APPLICATION_NAMESPACE-00DAE2DA51A321AE"",""CLOUD_APPLICATION_NAMESPACE-FCAFA33C6E86557F""]",PRD,High
Morpheus TRN APP-1544,"[""CLOUD_APPLICATION_NAMESPACE-3DF06D887D25A1C2"",""CLOUD_APPLICATION_NAMESPACE-A46880304C299D2C"",""CLOUD_APPLICATION_NAMESPACE-6297B0FDB0D16506"",""CLOUD_APPLICATION_NAMESPACE-7F7AC81D5EAEAD73"",""CLOUD_APPLICATION_NAMESPACE-E75B725EF1852E1A"",""CLOUD_APPLICATION_NAMESPACE-066736DF4428AACF"",""CLOUD_APPLICATION_NAMESPACE-E9EFBE03B5A4A82F"",""CLOUD_APPLICATION_NAMESPACE-E4E32EF8A543FF7E"",""CLOUD_APPLICATION_NAMESPACE-099019F63C0FE4FE"",""CLOUD_APPLICATION_NAMESPACE-3DCBE72557690202"",""CLOUD_APPLICATION_NAMESPACE-39405A48DEC8404B"",""CLOUD_APPLICATION_NAMESPACE-B4E98154ACDA300A"",""CLOUD_APPLICATION_NAMESPACE-8F16B794F29D4CB1""]",PRD,Low
Elastic Search QA COM-6935,"[""CLOUD_APPLICATION_NAMESPACE-3FE657E76E240C74"",""CLOUD_APPLICATION_NAMESPACE-31E04B4203ED569C"",""CLOUD_APPLICATION_NAMESPACE-62B6FD05076E9B03"",""CLOUD_APPLICATION_NAMESPACE-A5BE5A42FC70D3F1"",""CLOUD_APPLICATION_NAMESPACE-5B95A1407B1CF0B9"",""CLOUD_APPLICATION_NAMESPACE-950AA1A18CC91F1E"",""CLOUD_APPLICATION_NAMESPACE-C2C4D9387FF41D6C"",""CLOUD_APPLICATION_NAMESPACE-33BDA6A685BA5FA9"",""CLOUD_APPLICATION_NAMESPACE-CF61005678850E53"",""CLOUD_APPLICATION_NAMESPACE-73706D47D7AE87D2"",""CLOUD_APPLICATION_NAMESPACE-C6C3DBCA86D6A571"",""CLOUD_APPLICATION_NAMESPACE-8AB6620607771EF4"",""CLOUD_APPLICATION_NAMESPACE-E0CF45C06CE20E66""]",PRD,High
Surety HotFix APP-1049,"[""CLOUD_APPLICATION_NAMESPACE-D38C454A98170844"",""CLOUD_APPLICATION_NAMESPACE-6B9DF8ECC087C680"",""CLOUD_APPLICATION_NAMESPACE-964DC8624C0956D1"",""CLOUD_APPLICATION_NAMESPACE-FDFE07BBDC14CFFA"",""CLOUD_APPLICATION_NAMESPACE-2B215910913A5F61"",""CLOUD_APPLICATION_NAMESPACE-DDCEADA27EC81934"",""CLOUD_APPLICATION_NAMESPACE-B541808D9D85DBB8"",""CLOUD_APPLICATION_NAMESPACE-47552CF773429BA5"",""CLOUD_APPLICATION_NAMESPACE-6BA7EE251194618B"",""CLOUD_APPLICATION_NAMESPACE-9E539EAB4A626AA7"",""CLOUD_APPLICATION_NAMESPACE-381146BF1A6AF5D7"",""CLOUD_APPLICATION_NAMESPACE-0EFFA4A88B943F05"",""CLOUD_APPLICATION_NAMESPACE-4D5B0DB22F80D06F"",""CLOUD_APPLICATION_NAMESPACE-D3DD40D9F92AB120"",""CLOUD_APPLICATION_NAMESPACE-844E7E4CA01534CE"",""CLOUD_APPLICATION_NAMESPACE-E628B553533408C8"",""CLOUD_APPLICATION_NAMESPACE-66D17D3113418D6D"",""CLOUD_APPLICATION_NAMESPACE-82BE1EBC9B91761A"",""CLOUD_APPLICATION_NAMESPACE-48A5C50004BFB03A"",""CLOUD_APPLICATION_NAMESPACE-4BADFC30B5421E14""]",PRD,High
Nordic PRD APP-4120,"[""CLOUD_APPLICATION_NAMESPACE-9AB4B36E4114D61D"",""CLOUD_APPLICATION_NAMESPACE-8F5A25297A72EAE5"",""CLOUD_APPLICATION_NAMESPACE-72A17A9BDF658BC1"",""CLOUD_APPLICATION_NAMESPACE-585F9D968C9AD970"",""CLOUD_APPLICATION_NAMESPACE-136290B3C66D3BA8"",""CLOUD_APPLICATION_NAMESPACE-D9FB88ADE44B0231"",""CLOUD_APPLICATION_NAMESPACE-1BF29F7F6CD48700"",""CLOUD_APPLICATION_NAMESPACE-73CC21DC6D85D02A"",""CLOUD_APPLICATION_NAMESPACE-AF2E60004CDBEAA1"",""CLOUD_APPLICATION_NAMESPACE-D0BDEC955D45829D"",""CLOUD_APPLICATION_NAMESPACE-7AEF1DB079D12FA4""]",PRD,Low
ZSearch PRD APP-8697,"[""CLOUD_APPLICATION_NAMESPACE-50E4F0B103676207"",""CLOUD_APPLICATION_NAMESPACE-E5B2516972CF6899"",""CLOUD_APPLICATION_NAMESPACE-321AA349638693B8"",""CLOUD_APPLICATION_NAMESPACE-B5DA130587763018"",""CLOUD_APPLICATION_NAMESPACE-0BD5E5B2DB6598F8"",""CLOUD_APPLICATION_NAMESPACE-01A0C06EA757191E"",""CLOUD_APPLICATION_NAMESPACE-1670504B65FDD0B1"",""CLOUD_APPLICATION_NAMESPACE-03D6666279A9FB45"",""CLOUD_APPLICATION_NAMESPACE-33383CA1C48B4AAA"",""CLOUD_APPLICATION_NAMESPACE-3F6948D3762637A5"",""CLOUD_APPLICATION_NAMESPACE-72AC0C7723F727FE"",""CLOUD_APPLICATION_NAMESPACE-9B74FD150E2409E7"",""CLOUD_APPLICATION_NAMESPACE-BFB951580B360C08"",""CLOUD_APPLICATION_NAMESPACE-E106EF5E2F021D7A"",""CLOUD_APPLICATION_NAMESPACE-7CCE40C91B54FEB6"",""CLOUD_APPLICATION_NAMESPACE-B81624BBC4E1C6E6"",""CLOUD_APPLICATION_NAMESPACE-40773A2DE3ECC45B""]",PRD,Low
Carepoint QA 01 APP-2455,"[""CLOUD_APPLICATION_NAMESPACE-01E90211E47178BA"",""CLOUD_APPLICATION_NAMESPACE-F0E074BFD8BEE4CD"",""CLOUD_APPLICATION_NAMESPACE-3D3C586888B65928"",""CLOUD_APPLICATION_NAMESPACE-99A891782DCB266F"",""CLOUD_APPLICATION_NAMESPACE-123E29D10485F274"",""CLOUD_APPLICATION_NAMESPACE-4870ECDC230B59F9"",""CLOUD_APPLICATION_NAMESPACE-FA00069D28FAFAD4"",""CLOUD_APPLICATION_NAMESPACE-72921DBF55D6F922"",""CLOUD_APPLICATION_NAMESPACE-FCA754D29321EFCE"",""CLOUD_APPLICATION_NAMESPACE-BF05D3F16AC2B55B"",""CLOUD_APPLICATION_NAMESPACE-66174669BDE14EDE"",""CLOUD_APPLICATION_NAMESPACE-2A38DE9DFF2A9404"",""CLOUD_APPLICATION_NAMESPACE-CC0B3661F569A449"",""CLOUD_APPLICATION_NAMESPACE-07CD1D1F5F74E049"",""CLOUD_APPLICATION_NAMESPACE-CCC4ED9CB0AAA6F6"",""CLOUD_APPLICATION_NAMESPACE-43163BAD97ED417E"",""CLOUD_APPLICATION_NAMESPACE-272FB7F7F38842B9"",""CLOUD_APPLICATION_NAMESPACE-659E29C556F65F0F""]",PRD,High
Morpheus PRD APP-1544,"[""CLOUD_APPLICATION_NAMESPACE-1D4ED4DBC19D18BD"",""CLOUD_APPLICATION_NAMESPACE-6A1D5884591C2A57"",""CLOUD_APPLICATION_NAMESPACE-4C3FC5FAAE97BC05"",""CLOUD_APPLICATION_NAMESPACE-A0BE9F0920883A8F"",""CLOUD_APPLICATION_NAMESPACE-17185B3859851016"",""CLOUD_APPLICATION_NAMESPACE-46DA42D273E0E922"",""CLOUD_APPLICATION_NAMESPACE-B566F65E74CBC8E3"",""CLOUD_APPLICATION_NAMESPACE-6BC7B7EE3E36B1C3"",""CLOUD_APPLICATION_NAMESPACE-F40DCD7AABA0B78C"",""CLOUD_APPLICATION_NAMESPACE-9B5221D0BA89FDEC"",""CLOUD_APPLICATION_NAMESPACE-48EFB24459E525EB"",""CLOUD_APPLICATION_NAMESPACE-19B5193E68E768C0"",""CLOUD_APPLICATION_NAMESPACE-CD5F25B8FAC29BCF"",""CLOUD_APPLICATION_NAMESPACE-5449D25885B0FE22""]",PRD,High
zPlus QA 01 APP-4716,"[""CLOUD_APPLICATION_NAMESPACE-1AD5C294E691CF23"",""CLOUD_APPLICATION_NAMESPACE-8DE8FB74E58A582E"",""CLOUD_APPLICATION_NAMESPACE-005EBF25CDD5B073"",""CLOUD_APPLICATION_NAMESPACE-8EE476FC1C19E4B4"",""CLOUD_APPLICATION_NAMESPACE-EFBEB1F4144286F3"",""CLOUD_APPLICATION_NAMESPACE-8732D1079AFE16BD"",""CLOUD_APPLICATION_NAMESPACE-539BDC81FFDEBC9D"",""CLOUD_APPLICATION_NAMESPACE-8A8DB0FB17D97F36"",""CLOUD_APPLICATION_NAMESPACE-960E2CD1DCE01C9E"",""CLOUD_APPLICATION_NAMESPACE-2702604904DF7B57"",""CLOUD_APPLICATION_NAMESPACE-D4A224432B85EA47"",""CLOUD_APPLICATION_NAMESPACE-EDB7CBCBFD0B943C"",""CLOUD_APPLICATION_NAMESPACE-0E9B7F80A48DE3C2"",""CLOUD_APPLICATION_NAMESPACE-16DDC5E89756F002"",""CLOUD_APPLICATION_NAMESPACE-493127DFF07B0535""]",PRD,High
ClaimsConnect DEV 02 APP-4982,"[""CLOUD_APPLICATION_NAMESPACE-329FC3A8B5DE7E9E"",""CLOUD_APPLICATION_NAMESPACE-40E9359B4588D28C"",""CLOUD_APPLICATION_NAMESPACE-169375B14F3AABD3"",""CLOUD_APPLICATION_NAMESPACE-BB6A1070FC370CFE"",""CLOUD_APPLICATION_NAMESPACE-859FEC74FE73FC2A"",""CLOUD_APPLICATION_NAMESPACE-8FE22DCDEF06747B"",""CLOUD_APPLICATION_NAMESPACE-ADF2545C74C4A933"",""CLOUD_APPLICATION_NAMESPACE-A96B0A446569D4A4"",""CLOUD_APPLICATION_NAMESPACE-11A5DD006DE93CB0"",""CLOUD_APPLICATION_NAMESPACE-5FB45122A858D389"",""CLOUD_APPLICATION_NAMESPACE-97F91F06810B685E"",""CLOUD_APPLICATION_NAMESPACE-2CCF99A9307489DC"",""CLOUD_APPLICATION_NAMESPACE-1C8AF7755BDDFE75"",""CLOUD_APPLICATION_NAMESPACE-977B9133A5F830A1"",""CLOUD_APPLICATION_NAMESPACE-881FE5DA15344653"",""CLOUD_APPLICATION_NAMESPACE-924EE5E0EF6FFD72"",""CLOUD_APPLICATION_NAMESPACE-2810681EC1A783E5"",""CLOUD_APPLICATION_NAMESPACE-2BF3C4804945D03C"",""CLOUD_APPLICATION_NAMESPACE-585F5F31D488A0AB"",""CLOUD_APPLICATION_NAMESPACE-8860AE64BCD6F278""]",PRD,Low
k8s_namespaces_by_cluster,"[""Carepoint DEV 01 APP-2455"",""Carepoint PRD 01 APP-2455"",""Carepoint QA 01 APP-2455"",""ClaimsConnect DEV 02 APP-4982"",""ClaimsConnect PRD 02 APP-4982"",""ClaimsConnect QA 01 APP-4982"",""DDC QA 04 APP-1036"",""Doks-zna-containerization-4-0 NP Shared"",""Doks-zna-containerization-4-0 PRD Shared"",""Elastic Search PRD COM-6935"",""Elastic Search QA COM-6935"",""Flexgateway DEV 02 COM-5372"",""Flexgateway PRD 02 COM-5372"",""Flexgateway QA 03 COM-5372"",""Flexgateway QA 04 COM-5372"",""Morpheus DEV 02 APP-1544"",""Morpheus DEV 03 APP-1544"",""Morpheus PRD APP-1544"",""Morpheus Perf 01 APP-1544"",""Morpheus QA 01 APP-1544"",""Morpheus QA 02 COM-1544"",""Morpheus QA 03 APP-1544"",""Morpheus TRN APP-1544"",""Morpheus UAT 01 APP-1544"",""Nordic DEV APP-4120"",""Nordic PRD APP-4120"",""Riskportrait DEV APP-1107"",""Riskportrait PRD APP-1107"",""Riskportrait QA APP-1107"",""Surety DEV APP-1049"",""Surety HotFix APP-1049"",""Surety PRD APP-1049"",""Surety QA APP-1049"",""Surety UAT APP-1049"",""ZAPI DEV COM-6105"",""ZAPI PRD COM-6105"",""ZAPI QA COM-6105"",""ZCam Dev 05 APP-11579"",""ZCam PRD 01 APP-11579"",""ZSearch PRD APP-8697"",""ZSearch QA 01 APP-8697"",""zPlus Dev 01 APP-4716"",""zPlus PRD 01 COM-4716"",""zPlus QA 01 APP-4716"",""zPlus UAT 01 APP-4716"",""zna-aks-cnd-p04""]",PRD,Low
Flexgateway PRD 02 COM-5372,"[""CLOUD_APPLICATION_NAMESPACE-75CE9F1CD89810F5"",""CLOUD_APPLICATION_NAMESPACE-DD0B0D1A89ECF236"",""CLOUD_APPLICATION_NAMESPACE-FB096C65845C7D5F"",""CLOUD_APPLICATION_NAMESPACE-16CCF68A7715A06A"",""CLOUD_APPLICATION_NAMESPACE-F002D94ED664539F"",""CLOUD_APPLICATION_NAMESPACE-D80E6397EA5616C3"",""CLOUD_APPLICATION_NAMESPACE-B1B53EB794EA998F"",""CLOUD_APPLICATION_NAMESPACE-CF47C66B23A60AE5"",""CLOUD_APPLICATION_NAMESPACE-C008F512D99080C4""]",PRD,Low
Riskportrait PRD APP-1107,"[""CLOUD_APPLICATION_NAMESPACE-D8CCCA78238EE841"",""CLOUD_APPLICATION_NAMESPACE-34B0B03C467B30DC"",""CLOUD_APPLICATION_NAMESPACE-BE865D55F6FC6353"",""CLOUD_APPLICATION_NAMESPACE-39288465AB60D51C"",""CLOUD_APPLICATION_NAMESPACE-439A7958D66DE934"",""CLOUD_APPLICATION_NAMESPACE-6BBB372C46A9E039"",""CLOUD_APPLICATION_NAMESPACE-FD38FD2F93661E6E"",""CLOUD_APPLICATION_NAMESPACE-0C23712A02A02742"",""CLOUD_APPLICATION_NAMESPACE-BFA7D55CF86CF9D3"",""CLOUD_APPLICATION_NAMESPACE-AD82B46E950CDC64"",""CLOUD_APPLICATION_NAMESPACE-7495692608C99BF2"",""CLOUD_APPLICATION_NAMESPACE-5736829C614A56C9"",""CLOUD_APPLICATION_NAMESPACE-5F10D6B51729D1EF""]",PRD,Low
Surety PRD APP-1049,"[""CLOUD_APPLICATION_NAMESPACE-1F7DBBDACEAC6C3C"",""CLOUD_APPLICATION_NAMESPACE-6A8B654040F89AAA"",""CLOUD_APPLICATION_NAMESPACE-7B8B216074DA2D28"",""CLOUD_APPLICATION_NAMESPACE-D869F03C88627D5D"",""CLOUD_APPLICATION_NAMESPACE-663F6BF89C5D0AE0"",""CLOUD_APPLICATION_NAMESPACE-F7A6C04730DF8F5B"",""CLOUD_APPLICATION_NAMESPACE-44190CFEF5F9A4BB"",""CLOUD_APPLICATION_NAMESPACE-E7DAF4164D0254CB"",""CLOUD_APPLICATION_NAMESPACE-DF09D29AA2E4614B"",""CLOUD_APPLICATION_NAMESPACE-EA43A2F1811FD793"",""CLOUD_APPLICATION_NAMESPACE-3810AA599FCF1227"",""CLOUD_APPLICATION_NAMESPACE-7321D1E5FBE2F68F"",""CLOUD_APPLICATION_NAMESPACE-2CFCC83CD1516872"",""CLOUD_APPLICATION_NAMESPACE-4AE214E71E775691"",""CLOUD_APPLICATION_NAMESPACE-910002F7232E40BC"",""CLOUD_APPLICATION_NAMESPACE-181CAF141B962F84"",""CLOUD_APPLICATION_NAMESPACE-975720B9DF699080"",""CLOUD_APPLICATION_NAMESPACE-AAAADFA9792F22F9"",""CLOUD_APPLICATION_NAMESPACE-663B21351F436B02"",""CLOUD_APPLICATION_NAMESPACE-C55B46292474C40C"",""CLOUD_APPLICATION_NAMESPACE-2EB5B4B445652D35""]",PRD,Low
Flexgateway QA 03 COM-5372,"[""CLOUD_APPLICATION_NAMESPACE-DF1F8F15E25EA8A6"",""CLOUD_APPLICATION_NAMESPACE-7B60A46AA6DB6771"",""CLOUD_APPLICATION_NAMESPACE-C43C5758BF796A6B"",""CLOUD_APPLICATION_NAMESPACE-E23CA6789AD323C5"",""CLOUD_APPLICATION_NAMESPACE-0CC7A058ABCD33C7"",""CLOUD_APPLICATION_NAMESPACE-8A04FDD8A1553F32"",""CLOUD_APPLICATION_NAMESPACE-B01345CF726C5935"",""CLOUD_APPLICATION_NAMESPACE-3F663A8F00985F87""]",PRD,Low
Flexgateway QA 04 COM-5372,"[""CLOUD_APPLICATION_NAMESPACE-B5CF8DE8B941B9A9"",""CLOUD_APPLICATION_NAMESPACE-D6834AAE44EEBB51"",""CLOUD_APPLICATION_NAMESPACE-DD89983E89A06FB2"",""CLOUD_APPLICATION_NAMESPACE-D87AC295D01EE7B9"",""CLOUD_APPLICATION_NAMESPACE-FE7C67842A43C301"",""CLOUD_APPLICATION_NAMESPACE-497A7D34C722596D"",""CLOUD_APPLICATION_NAMESPACE-34327CADD65B3C24""]",PRD,High
ZSearch QA 01 APP-8697,"[""CLOUD_APPLICATION_NAMESPACE-7D5BB4D0905EC3AA"",""CLOUD_APPLICATION_NAMESPACE-B9FF7D81F1215851"",""CLOUD_APPLICATION_NAMESPACE-D4244A644F54EC8C"",""CLOUD_APPLICATION_NAMESPACE-91A6BB954849C3C9"",""CLOUD_APPLICATION_NAMESPACE-A72081EB84FC4486"",""CLOUD_APPLICATION_NAMESPACE-8276DEA549761779"",""CLOUD_APPLICATION_NAMESPACE-465656C4F0236636"",""CLOUD_APPLICATION_NAMESPACE-CBC9247EC0A14A88"",""CLOUD_APPLICATION_NAMESPACE-A5735B2E59871903"",""CLOUD_APPLICATION_NAMESPACE-924B78FC47E5974C"",""CLOUD_APPLICATION_NAMESPACE-4EDD3526C2E02F9D"",""CLOUD_APPLICATION_NAMESPACE-7BD3340B3481EBF1"",""CLOUD_APPLICATION_NAMESPACE-3550F9277C03B8D9"",""CLOUD_APPLICATION_NAMESPACE-F72874681C562AD1"",""CLOUD_APPLICATION_NAMESPACE-B9F486365BCECD02"",""CLOUD_APPLICATION_NAMESPACE-55585955A4A84014"",""CLOUD_APPLICATION_NAMESPACE-A0D9AA9E007469BB""]",PRD,Low
ClaimsConnect QA 01 APP-4982,"[""CLOUD_APPLICATION_NAMESPACE-31A0B3BFB17214BB"",""CLOUD_APPLICATION_NAMESPACE-9876C72D2C95A31E"",""CLOUD_APPLICATION_NAMESPACE-51FEF1EB116086C3"",""CLOUD_APPLICATION_NAMESPACE-D45DA6FC855E25C7"",""CLOUD_APPLICATION_NAMESPACE-923A7C860C9857F9"",""CLOUD_APPLICATION_NAMESPACE-F38B59B687816C41"",""CLOUD_APPLICATION_NAMESPACE-C6900E429BC5699A"",""CLOUD_APPLICATION_NAMESPACE-449A73F62A1AD252"",""CLOUD_APPLICATION_NAMESPACE-03822A28963A4269"",""CLOUD_APPLICATION_NAMESPACE-17BD176FC509A24F"",""CLOUD_APPLICATION_NAMESPACE-2DF3FA4EC91263E5"",""CLOUD_APPLICATION_NAMESPACE-655C1AD463C8AAD5"",""CLOUD_APPLICATION_NAMESPACE-B56D4E8787A4D862"",""CLOUD_APPLICATION_NAMESPACE-02294D67837BCE38"",""CLOUD_APPLICATION_NAMESPACE-EE39046B364EAB57"",""CLOUD_APPLICATION_NAMESPACE-06FFB2F87BEB20C6"",""CLOUD_APPLICATION_NAMESPACE-8BDB28CFE460C158""]",PRD,Low
Doks-zna-containerization-4-0 PRD Shared,"[""CLOUD_APPLICATION_NAMESPACE-536009F4EF11AD17"",""CLOUD_APPLICATION_NAMESPACE-6E5458BD6EC176B7"",""CLOUD_APPLICATION_NAMESPACE-B1ECA8B47FDFC79C"",""CLOUD_APPLICATION_NAMESPACE-ACD55CB5824FC125"",""CLOUD_APPLICATION_NAMESPACE-FF86F1FEE0F69CD4"",""CLOUD_APPLICATION_NAMESPACE-EF60527FE1BE9F75"",""CLOUD_APPLICATION_NAMESPACE-1B4D480B46C05B32"",""CLOUD_APPLICATION_NAMESPACE-AEED398F6F01C719"",""CLOUD_APPLICATION_NAMESPACE-73455EF16DD8F074"",""CLOUD_APPLICATION_NAMESPACE-76DEEDD9F61BF791"",""CLOUD_APPLICATION_NAMESPACE-D825D700250DBC2B"",""CLOUD_APPLICATION_NAMESPACE-D8C40CE3482ED14D"",""CLOUD_APPLICATION_NAMESPACE-44321178910F201A"",""CLOUD_APPLICATION_NAMESPACE-9E936256834C3968"",""CLOUD_APPLICATION_NAMESPACE-68A71EB9C1765903"",""CLOUD_APPLICATION_NAMESPACE-AB29E43940F0DF4C"",""CLOUD_APPLICATION_NAMESPACE-D7F528FB4D55D48F"",""CLOUD_APPLICATION_NAMESPACE-016012268258F4EB"",""CLOUD_APPLICATION_NAMESPACE-C5B48F50FC659736"",""CLOUD_APPLICATION_NAMESPACE-9AA6E60EAD63BF1A"",""CLOUD_APPLICATION_NAMESPACE-0862829B4B29C7FA"",""CLOUD_APPLICATION_NAMESPACE-78399194E8416405"",""CLOUD_APPLICATION_NAMESPACE-3582A0AB31B5C128"",""CLOUD_APPLICATION_NAMESPACE-D68DE68986921662"",""CLOUD_APPLICATION_NAMESPACE-3D629651BCEFD5C9"",""CLOUD_APPLICATION_NAMESPACE-7C66F89EABEB3989"",""CLOUD_APPLICATION_NAMESPACE-1F89578E540E8151"",""CLOUD_APPLICATION_NAMESPACE-FE39400CDDA92B63"",""CLOUD_APPLICATION_NAMESPACE-688AEA3F20347F39"",""CLOUD_APPLICATION_NAMESPACE-2C5B024FE922C585"",""CLOUD_APPLICATION_NAMESPACE-34DCFDBECD88FB69"",""CLOUD_APPLICATION_NAMESPACE-B9ECB220C7ED9C05"",""CLOUD_APPLICATION_NAMESPACE-0DB190A7044E0E19"",""CLOUD_APPLICATION_NAMESPACE-6058C3F8D3A6BF85"",""CLOUD_APPLICATION_NAMESPACE-BACB849EFC2510D0"",""CLOUD_APPLICATION_NAMESPACE-E9A84199A9056CD1"",""CLOUD_APPLICATION_NAMESPACE-AEE2571FB3EFD8F5"",""CLOUD_APPLICATION_NAMESPACE-B92313AA389D31DC""]",PRD,Low
zPlus UAT 01 APP-4716,"[""CLOUD_APPLICATION_NAMESPACE-9D01A2D852D3433E"",""CLOUD_APPLICATION_NAMESPACE-E218364FAD49ECE7"",""CLOUD_APPLICATION_NAMESPACE-AFF342B7120C553C"",""CLOUD_APPLICATION_NAMESPACE-81A2A295E5B94896"",""CLOUD_APPLICATION_NAMESPACE-BA3649099D902734"",""CLOUD_APPLICATION_NAMESPACE-1669882782677534"",""CLOUD_APPLICATION_NAMESPACE-2DA7C12B66F4B5E4"",""CLOUD_APPLICATION_NAMESPACE-2A947D6E75503BC7"",""CLOUD_APPLICATION_NAMESPACE-8D699124E65750E4"",""CLOUD_APPLICATION_NAMESPACE-55BDA1ACE7D03A00"",""CLOUD_APPLICATION_NAMESPACE-EB0C279DFB014FB1"",""CLOUD_APPLICATION_NAMESPACE-256E8ED3956DB2F4"",""CLOUD_APPLICATION_NAMESPACE-2E9EE1B2C22C5FEA"",""CLOUD_APPLICATION_NAMESPACE-FE4035081F0B846E"",""CLOUD_APPLICATION_NAMESPACE-D03E872C4C38CB5E"",""CLOUD_APPLICATION_NAMESPACE-4963C06CD7291E06""]",PRD,High
Carepoint DEV 01 APP-2455,"[""CLOUD_APPLICATION_NAMESPACE-5A3750517D6535B4"",""CLOUD_APPLICATION_NAMESPACE-A9B0475B9417EB61"",""CLOUD_APPLICATION_NAMESPACE-573CA1CA819B3B13"",""CLOUD_APPLICATION_NAMESPACE-06BD5400D6543120"",""CLOUD_APPLICATION_NAMESPACE-1B2438D36007EC2B"",""CLOUD_APPLICATION_NAMESPACE-F1A72BFA8C8A4A6D"",""CLOUD_APPLICATION_NAMESPACE-7A3CA84F6F8683EC"",""CLOUD_APPLICATION_NAMESPACE-A83524356D881136"",""CLOUD_APPLICATION_NAMESPACE-6B1663BD7DEB0B42"",""CLOUD_APPLICATION_NAMESPACE-FF8C6F0AB76EEC6E"",""CLOUD_APPLICATION_NAMESPACE-128AA5A12E62F88E"",""CLOUD_APPLICATION_NAMESPACE-A86E94CFF6E91289"",""CLOUD_APPLICATION_NAMESPACE-DC4F28FB2DECD77E"",""CLOUD_APPLICATION_NAMESPACE-6DB1945250B20E15"",""CLOUD_APPLICATION_NAMESPACE-64DFD528FDE530FB"",""CLOUD_APPLICATION_NAMESPACE-D4B1CBF9AA5F7FBF""]",PRD,Low
Surety UAT APP-1049,"[""CLOUD_APPLICATION_NAMESPACE-05332E7EADB1D648"",""CLOUD_APPLICATION_NAMESPACE-3F14E87ECA7CF902"",""CLOUD_APPLICATION_NAMESPACE-7716F3E2D84A19D3"",""CLOUD_APPLICATION_NAMESPACE-8EC788212D41EB54"",""CLOUD_APPLICATION_NAMESPACE-4A9705743CAAEFBF"",""CLOUD_APPLICATION_NAMESPACE-97C2169A0BA0D900"",""CLOUD_APPLICATION_NAMESPACE-B786A1B2D1B331D1"",""CLOUD_APPLICATION_NAMESPACE-96325C328D73FEF2"",""CLOUD_APPLICATION_NAMESPACE-D29B0FEBCF80A102"",""CLOUD_APPLICATION_NAMESPACE-A12982207CF4D6A0"",""CLOUD_APPLICATION_NAMESPACE-F1D297B5815D8E47"",""CLOUD_APPLICATION_NAMESPACE-6DA567992C459A5A"",""CLOUD_APPLICATION_NAMESPACE-AE3BBC4E82676CAE"",""CLOUD_APPLICATION_NAMESPACE-E1647BC7DACC6C4A"",""CLOUD_APPLICATION_NAMESPACE-14A9F828E21B7C3C"",""CLOUD_APPLICATION_NAMESPACE-8E1756AE4FFAD302"",""CLOUD_APPLICATION_NAMESPACE-D6775AC769F27CE1"",""CLOUD_APPLICATION_NAMESPACE-5A2EFDD5D9BB2060"",""CLOUD_APPLICATION_NAMESPACE-10B542100010BE60"",""CLOUD_APPLICATION_NAMESPACE-A0A765343C4F44DD"",""CLOUD_APPLICATION_NAMESPACE-A685522351585795""]",PRD,High
Surety DEV APP-1049,"[""CLOUD_APPLICATION_NAMESPACE-3DC5A40B61D9D804"",""CLOUD_APPLICATION_NAMESPACE-A6209F54E5F16C10"",""CLOUD_APPLICATION_NAMESPACE-34DB66BC069E8506"",""CLOUD_APPLICATION_NAMESPACE-3AEA88E5CAB8DA46"",""CLOUD_APPLICATION_NAMESPACE-E36FE94209753749"",""CLOUD_APPLICATION_NAMESPACE-9A2525B4A108D655"",""CLOUD_APPLICATION_NAMESPACE-18A936119A89CB46"",""CLOUD_APPLICATION_NAMESPACE-5E3E11A2880B52C1"",""CLOUD_APPLICATION_NAMESPACE-5C44257AD88429A3"",""CLOUD_APPLICATION_NAMESPACE-80B5A9A3E3531E78"",""CLOUD_APPLICATION_NAMESPACE-A8FDCE3CCA75DB05"",""CLOUD_APPLICATION_NAMESPACE-CD49011B8C884239"",""CLOUD_APPLICATION_NAMESPACE-9AAF70A4BCA49593"",""CLOUD_APPLICATION_NAMESPACE-EF99C942D6BCD15F"",""CLOUD_APPLICATION_NAMESPACE-064DC3E47400CA14"",""CLOUD_APPLICATION_NAMESPACE-E5622622FA2BC829"",""CLOUD_APPLICATION_NAMESPACE-506D14340271B2B5"",""CLOUD_APPLICATION_NAMESPACE-74A802EF5B8DA48B"",""CLOUD_APPLICATION_NAMESPACE-61C2DA595A513720"",""CLOUD_APPLICATION_NAMESPACE-3E8A1251E7E43197"",""CLOUD_APPLICATION_NAMESPACE-9695709A6D5516AA"",""CLOUD_APPLICATION_NAMESPACE-43B9839EF96E6282""]",PRD,Low
zna-aks-cnd-p04,"[""CLOUD_APPLICATION_NAMESPACE-272A8F7390DB25F0"",""CLOUD_APPLICATION_NAMESPACE-93A3606E38C07A2B"",""CLOUD_APPLICATION_NAMESPACE-BE12DEDEE5F08EE8"",""CLOUD_APPLICATION_NAMESPACE-D51859C3D5210F6D"",""CLOUD_APPLICATION_NAMESPACE-66457902200E6D69"",""CLOUD_APPLICATION_NAMESPACE-1EE236D5A073E83F"",""CLOUD_APPLICATION_NAMESPACE-99E874E1818E5102"",""CLOUD_APPLICATION_NAMESPACE-76D92A07D67E11C5"",""CLOUD_APPLICATION_NAMESPACE-7D6591C3D8AACBA9"",""CLOUD_APPLICATION_NAMESPACE-DF1767A30F0705BE""]",PRD,Low
Carepoint PRD 01 APP-2455,"[""CLOUD_APPLICATION_NAMESPACE-C6F785595EE7945F"",""CLOUD_APPLICATION_NAMESPACE-106D2A37EC6B1E01"",""CLOUD_APPLICATION_NAMESPACE-6910B2E4011F5518"",""CLOUD_APPLICATION_NAMESPACE-C0FB649D12C6F2B3"",""CLOUD_APPLICATION_NAMESPACE-1764C94FE64B0F14"",""CLOUD_APPLICATION_NAMESPACE-94C5FFC8AB3EB627"",""CLOUD_APPLICATION_NAMESPACE-E7B4E1203E95E805"",""CLOUD_APPLICATION_NAMESPACE-B45AE54D1B05E890"",""CLOUD_APPLICATION_NAMESPACE-4DC4C22ACFA54320"",""CLOUD_APPLICATION_NAMESPACE-34AE9820B0812A67"",""CLOUD_APPLICATION_NAMESPACE-09B3688807DD910E"",""CLOUD_APPLICATION_NAMESPACE-773164047F503234"",""CLOUD_APPLICATION_NAMESPACE-3A04749CFC385828"",""CLOUD_APPLICATION_NAMESPACE-3C7B0CA9593507CF"",""CLOUD_APPLICATION_NAMESPACE-B92C1E00531361F4""]",PRD,Low
zPlus Dev 01 APP-4716,"[""CLOUD_APPLICATION_NAMESPACE-7D44CCCBCAAA412B"",""CLOUD_APPLICATION_NAMESPACE-D70D514FC321FCF2"",""CLOUD_APPLICATION_NAMESPACE-4DDC77F288F8C3C4"",""CLOUD_APPLICATION_NAMESPACE-541F9702EA501A39"",""CLOUD_APPLICATION_NAMESPACE-E2610DCAC90C5257"",""CLOUD_APPLICATION_NAMESPACE-57486855F47CD39A"",""CLOUD_APPLICATION_NAMESPACE-5EE8D4C20E29C57C"",""CLOUD_APPLICATION_NAMESPACE-EEABC98C861B05A2"",""CLOUD_APPLICATION_NAMESPACE-683F20645B1AF7DA"",""CLOUD_APPLICATION_NAMESPACE-DA3212D356193DAB"",""CLOUD_APPLICATION_NAMESPACE-69B48061B71BCD33"",""CLOUD_APPLICATION_NAMESPACE-53101C2AE19C3822"",""CLOUD_APPLICATION_NAMESPACE-B8601162B39A9931"",""CLOUD_APPLICATION_NAMESPACE-6C4353C3C09BBEFA"",""CLOUD_APPLICATION_NAMESPACE-95A2D2F656BB4FCC""]",PRD,null
Riskportrait DEV APP-1107,"[""CLOUD_APPLICATION_NAMESPACE-41728F138E6590DA"",""CLOUD_APPLICATION_NAMESPACE-7E6F8A9AE4F6F694"",""CLOUD_APPLICATION_NAMESPACE-996801AC62A79476"",""CLOUD_APPLICATION_NAMESPACE-D498144AD6E593C0"",""CLOUD_APPLICATION_NAMESPACE-AAEB995EFE06F527"",""CLOUD_APPLICATION_NAMESPACE-E1B5266CB49CD135"",""CLOUD_APPLICATION_NAMESPACE-3909905B2B3E4477"",""CLOUD_APPLICATION_NAMESPACE-FDDBF9F0B196ABC0"",""CLOUD_APPLICATION_NAMESPACE-1A2D52A8642905A0"",""CLOUD_APPLICATION_NAMESPACE-02BC6995C436F605"",""CLOUD_APPLICATION_NAMESPACE-4619C317182E9995"",""CLOUD_APPLICATION_NAMESPACE-CFEE4A86831C1347"",""CLOUD_APPLICATION_NAMESPACE-5D1E941BCA5CFD4B""]",PRD,High
Elastic Search PRD COM-6935,"[""CLOUD_APPLICATION_NAMESPACE-5C9A1677E374E075"",""CLOUD_APPLICATION_NAMESPACE-9E3739E4B1D45210"",""CLOUD_APPLICATION_NAMESPACE-F6538B00BD5F61DB"",""CLOUD_APPLICATION_NAMESPACE-1D3FF71D6BC28A46"",""CLOUD_APPLICATION_NAMESPACE-5A95D8D6D06BB298"",""CLOUD_APPLICATION_NAMESPACE-69187ECB0D4553A0"",""CLOUD_APPLICATION_NAMESPACE-02C1526B184D08B6"",""CLOUD_APPLICATION_NAMESPACE-AA7C3C4239249DE1"",""CLOUD_APPLICATION_NAMESPACE-356E251095281D12"",""CLOUD_APPLICATION_NAMESPACE-4B72FFD39FD4792D"",""CLOUD_APPLICATION_NAMESPACE-18B28A7FEFAAEDB5""]",PRD,Low
Morpheus DEV 03 APP-1544,"[""CLOUD_APPLICATION_NAMESPACE-876349F9E956D6BE"",""CLOUD_APPLICATION_NAMESPACE-CCF862C4A6718AAF"",""CLOUD_APPLICATION_NAMESPACE-6EFE8A22F4EAE64B"",""CLOUD_APPLICATION_NAMESPACE-747C4E1C6640D97E"",""CLOUD_APPLICATION_NAMESPACE-3333E9277B11F19E"",""CLOUD_APPLICATION_NAMESPACE-0634751125225A55"",""CLOUD_APPLICATION_NAMESPACE-35A30BA028B99984"",""CLOUD_APPLICATION_NAMESPACE-B8820882D1281A76"",""CLOUD_APPLICATION_NAMESPACE-08048C29B41C1381"",""CLOUD_APPLICATION_NAMESPACE-E568D1F4558358DD"",""CLOUD_APPLICATION_NAMESPACE-582E3D0F7391984C""]",PRD,Low
Surety QA APP-1049,"[""CLOUD_APPLICATION_NAMESPACE-7D9D293C97AB98B5"",""CLOUD_APPLICATION_NAMESPACE-348885270A3C500F"",""CLOUD_APPLICATION_NAMESPACE-C001CE72839066D1"",""CLOUD_APPLICATION_NAMESPACE-EB0F9011AC9517BF"",""CLOUD_APPLICATION_NAMESPACE-56D93CC7B1B057DA"",""CLOUD_APPLICATION_NAMESPACE-2E17F93E601B6745"",""CLOUD_APPLICATION_NAMESPACE-8635DB3E70312FED"",""CLOUD_APPLICATION_NAMESPACE-4631C41110AA07E0"",""CLOUD_APPLICATION_NAMESPACE-9BE1157244812F4A"",""CLOUD_APPLICATION_NAMESPACE-ECDE941D2AEAC38D"",""CLOUD_APPLICATION_NAMESPACE-F74EAB884B8E2BF6"",""CLOUD_APPLICATION_NAMESPACE-223DBB4B81E71441"",""CLOUD_APPLICATION_NAMESPACE-EDDC1B3D82C23A1B"",""CLOUD_APPLICATION_NAMESPACE-BC3E16872B962BFD"",""CLOUD_APPLICATION_NAMESPACE-35E78B1500A0CE9F"",""CLOUD_APPLICATION_NAMESPACE-F71DA77B895D9F9D"",""CLOUD_APPLICATION_NAMESPACE-01421CE47E4369CC"",""CLOUD_APPLICATION_NAMESPACE-E24F2DED371FAB74"",""CLOUD_APPLICATION_NAMESPACE-3F02B023D118293A"",""CLOUD_APPLICATION_NAMESPACE-B6171889A501A5F4"",""CLOUD_APPLICATION_NAMESPACE-CACDEDA3689072B5"",""CLOUD_APPLICATION_NAMESPACE-428183E0FC9FAC74""]",PRD,Low
Riskportrait QA APP-1107,"[""CLOUD_APPLICATION_NAMESPACE-19DCB26AA3FCD479"",""CLOUD_APPLICATION_NAMESPACE-2EF5851436352F67"",""CLOUD_APPLICATION_NAMESPACE-F0F95CEA5C93A437"",""CLOUD_APPLICATION_NAMESPACE-EAEFCB4B6AE8795E"",""CLOUD_APPLICATION_NAMESPACE-173D9C732000483B"",""CLOUD_APPLICATION_NAMESPACE-6DD3C9466BA5D537"",""CLOUD_APPLICATION_NAMESPACE-5218C3D2A35D79CE"",""CLOUD_APPLICATION_NAMESPACE-81C22FCDCE7A5824"",""CLOUD_APPLICATION_NAMESPACE-F1EC379C1910B9A1"",""CLOUD_APPLICATION_NAMESPACE-1FE70801AB824184"",""CLOUD_APPLICATION_NAMESPACE-C44D63B6605AFE25"",""CLOUD_APPLICATION_NAMESPACE-478D2EDAFC55A549"",""CLOUD_APPLICATION_NAMESPACE-B8855102CEE10D12"",""CLOUD_APPLICATION_NAMESPACE-3D2DA4322384B234"",""CLOUD_APPLICATION_NAMESPACE-A8B113623EAE53D5"",""CLOUD_APPLICATION_NAMESPACE-0014D7CE5719602B""]",PRD,High
Morpheus DEV 02 APP-1544,"[""CLOUD_APPLICATION_NAMESPACE-9EC2F8D09239FB0D"",""CLOUD_APPLICATION_NAMESPACE-56C3A9D1898E789D"",""CLOUD_APPLICATION_NAMESPACE-7A0F441DDC0E3044"",""CLOUD_APPLICATION_NAMESPACE-E05CD70B05E909BE"",""CLOUD_APPLICATION_NAMESPACE-628015C056B22BFD"",""CLOUD_APPLICATION_NAMESPACE-B03824D56C0F3617"",""CLOUD_APPLICATION_NAMESPACE-704D99E8FA1B97BA"",""CLOUD_APPLICATION_NAMESPACE-741B46D056213916"",""CLOUD_APPLICATION_NAMESPACE-C75D7E1E37D6F29A"",""CLOUD_APPLICATION_NAMESPACE-87E694C664C2E9BD"",""CLOUD_APPLICATION_NAMESPACE-42180783439E6EEF"",""CLOUD_APPLICATION_NAMESPACE-94B87436C3894DE7""]",PRD,null
Flexgateway DEV 02 COM-5372,"[""CLOUD_APPLICATION_NAMESPACE-7A5923E1B92BC474"",""CLOUD_APPLICATION_NAMESPACE-460B6282D053C8ED"",""CLOUD_APPLICATION_NAMESPACE-BED3847A9E2BF275"",""CLOUD_APPLICATION_NAMESPACE-26C44800BD69FBDB"",""CLOUD_APPLICATION_NAMESPACE-E37F95EF8A877A4A"",""CLOUD_APPLICATION_NAMESPACE-138CF1300BE4A9E6"",""CLOUD_APPLICATION_NAMESPACE-C6D6B7123DE4DDB0"",""CLOUD_APPLICATION_NAMESPACE-F31593B1038AE214""]",PRD,High
Morpheus QA 03 APP-1544,"[""CLOUD_APPLICATION_NAMESPACE-C62A9E0C8334EEBD"",""CLOUD_APPLICATION_NAMESPACE-FD5B4E8C86883409"",""CLOUD_APPLICATION_NAMESPACE-2748F7221BA59720"",""CLOUD_APPLICATION_NAMESPACE-C18CB73C515A7294"",""CLOUD_APPLICATION_NAMESPACE-B2788EA64EE0E056"",""CLOUD_APPLICATION_NAMESPACE-4AD2577F99BB577D"",""CLOUD_APPLICATION_NAMESPACE-7C3A7F1010DAD06C"",""CLOUD_APPLICATION_NAMESPACE-050AEF954D355B73"",""CLOUD_APPLICATION_NAMESPACE-C40077F6C146E188"",""CLOUD_APPLICATION_NAMESPACE-1024B510BBC758F8"",""CLOUD_APPLICATION_NAMESPACE-BBE776A62719B6BD"",""CLOUD_APPLICATION_NAMESPACE-FB82B9ADFFE4479F"",""CLOUD_APPLICATION_NAMESPACE-DA0E8EC01273B41A"",""CLOUD_APPLICATION_NAMESPACE-A10AC43888E82548""]",PRD,Low